<?xml version="1.0" encoding="UTF-8"?>
<point_cloud version="1.2.0">
  <tracks path="tracks.ply" count="88507"/>
  <points path="points.ply" count="81374"/>
  <projections camera_id="46" path="p46.ply" count="4024"/>
  <projections camera_id="47" path="p47.ply" count="4311"/>
  <projections camera_id="48" path="p48.ply" count="4828"/>
  <projections camera_id="49" path="p49.ply" count="5949"/>
  <projections camera_id="50" path="p50.ply" count="5684"/>
  <projections camera_id="51" path="p51.ply" count="4927"/>
  <projections camera_id="52" path="p52.ply" count="4364"/>
  <projections camera_id="53" path="p53.ply" count="4046"/>
  <projections camera_id="54" path="p54.ply" count="3860"/>
  <projections camera_id="55" path="p55.ply" count="3961"/>
  <projections camera_id="56" path="p56.ply" count="5788"/>
  <projections camera_id="57" path="p57.ply" count="6901"/>
  <projections camera_id="58" path="p58.ply" count="8035"/>
  <projections camera_id="59" path="p59.ply" count="7000"/>
  <projections camera_id="60" path="p60.ply" count="8379"/>
  <projections camera_id="61" path="p61.ply" count="8275"/>
  <projections camera_id="62" path="p62.ply" count="370"/>
  <projections camera_id="63" path="p63.ply" count="1242"/>
  <projections camera_id="64" path="p64.ply" count="6435"/>
  <projections camera_id="65" path="p65.ply" count="6304"/>
  <projections camera_id="66" path="p66.ply" count="4420"/>
  <projections camera_id="67" path="p67.ply" count="4232"/>
  <projections camera_id="69" path="p69.ply" count="3850"/>
  <projections camera_id="70" path="p70.ply" count="2642"/>
  <projections camera_id="71" path="p71.ply" count="3408"/>
  <projections camera_id="72" path="p72.ply" count="2682"/>
  <projections camera_id="73" path="p73.ply" count="2607"/>
  <projections camera_id="74" path="p74.ply" count="2481"/>
  <projections camera_id="75" path="p75.ply" count="2249"/>
  <projections camera_id="76" path="p76.ply" count="2866"/>
  <projections camera_id="77" path="p77.ply" count="4012"/>
  <projections camera_id="78" path="p78.ply" count="4208"/>
  <projections camera_id="79" path="p79.ply" count="3759"/>
  <projections camera_id="80" path="p80.ply" count="4001"/>
  <projections camera_id="81" path="p81.ply" count="4031"/>
  <projections camera_id="82" path="p82.ply" count="5069"/>
  <projections camera_id="83" path="p83.ply" count="4017"/>
  <projections camera_id="84" path="p84.ply" count="4008"/>
  <projections camera_id="85" path="p85.ply" count="3451"/>
  <projections camera_id="86" path="p86.ply" count="2741"/>
  <projections camera_id="87" path="p87.ply" count="3216"/>
  <projections camera_id="88" path="p88.ply" count="2225"/>
  <projections camera_id="89" path="p89.ply" count="4055"/>
  <projections camera_id="90" path="p90.ply" count="3962"/>
  <projections camera_id="91" path="p91.ply" count="4051"/>
  <projections camera_id="92" path="p92.ply" count="4089"/>
  <projections camera_id="93" path="p93.ply" count="1100"/>
  <projections camera_id="94" path="p94.ply" count="1092"/>
  <projections camera_id="97" path="p97.ply" count="3041"/>
  <projections camera_id="98" path="p98.ply" count="3990"/>
  <projections camera_id="99" path="p99.ply" count="4316"/>
  <projections camera_id="100" path="p100.ply" count="4264"/>
  <projections camera_id="101" path="p101.ply" count="4023"/>
  <projections camera_id="102" path="p102.ply" count="4056"/>
  <projections camera_id="103" path="p103.ply" count="1317"/>
  <projections camera_id="104" path="p104.ply" count="4011"/>
  <projections camera_id="105" path="p105.ply" count="4255"/>
  <projections camera_id="106" path="p106.ply" count="825"/>
  <projections camera_id="107" path="p107.ply" count="1823"/>
  <projections camera_id="108" path="p108.ply" count="1818"/>
  <projections camera_id="110" path="p110.ply" count="2939"/>
  <projections camera_id="111" path="p111.ply" count="3698"/>
  <projections camera_id="112" path="p112.ply" count="4209"/>
  <projections camera_id="113" path="p113.ply" count="4269"/>
  <projections camera_id="114" path="p114.ply" count="4752"/>
  <projections camera_id="115" path="p115.ply" count="5815"/>
  <projections camera_id="116" path="p116.ply" count="6365"/>
  <projections camera_id="117" path="p117.ply" count="6746"/>
  <projections camera_id="118" path="p118.ply" count="6800"/>
  <projections camera_id="119" path="p119.ply" count="4233"/>
  <projections camera_id="120" path="p120.ply" count="6434"/>
  <projections camera_id="121" path="p121.ply" count="4731"/>
  <projections camera_id="122" path="p122.ply" count="4982"/>
  <projections camera_id="123" path="p123.ply" count="4014"/>
  <projections camera_id="124" path="p124.ply" count="3015"/>
  <projections camera_id="125" path="p125.ply" count="4028"/>
  <projections camera_id="126" path="p126.ply" count="5825"/>
  <projections camera_id="127" path="p127.ply" count="3990"/>
  <projections camera_id="128" path="p128.ply" count="4000"/>
  <projections camera_id="129" path="p129.ply" count="4905"/>
  <projections camera_id="130" path="p130.ply" count="6159"/>
  <projections camera_id="131" path="p131.ply" count="3997"/>
  <projections camera_id="132" path="p132.ply" count="2752"/>
  <projections camera_id="133" path="p133.ply" count="4053"/>
  <projections camera_id="134" path="p134.ply" count="1466"/>
  <projections camera_id="135" path="p135.ply" count="3130"/>
  <projections camera_id="136" path="p136.ply" count="1580"/>
  <projections camera_id="137" path="p137.ply" count="1249"/>
  <projections camera_id="138" path="p138.ply" count="1894"/>
  <projections camera_id="139" path="p139.ply" count="2193"/>
  <projections camera_id="140" path="p140.ply" count="4455"/>
  <projections camera_id="141" path="p141.ply" count="1849"/>
  <projections camera_id="142" path="p142.ply" count="2053"/>
  <projections camera_id="143" path="p143.ply" count="2396"/>
  <projections camera_id="144" path="p144.ply" count="2444"/>
  <projections camera_id="145" path="p145.ply" count="4005"/>
  <projections camera_id="146" path="p146.ply" count="1037"/>
  <projections camera_id="147" path="p147.ply" count="2087"/>
  <meta>
    <property name="match/duration" value="377.076982"/>
    <property name="match/match_downscale" value="2"/>
    <property name="match/match_filter_mask" value="true"/>
    <property name="match/match_point_limit" value="40000"/>
    <property name="match/match_select_pairs" value="1"/>
    <property name="match/match_tiepoint_limit" value="4000"/>
  </meta>
</point_cloud>
