<?xml version="1.0" encoding="UTF-8"?>
<chunk label="Chunk 1" enabled="true">
  <sensors next_id="14">
    <sensor id="0" label="Nexus 5 (3.97 mm)" type="frame">
      <resolution width="2448" height="3264"/>
      <property name="focal_length" value="3.9700000000000002"/>
      <property name="fixed" value="false"/>
      <bands>
        <band label="Red"/>
        <band label="Green"/>
        <band label="Blue"/>
      </bands>
      <covariance>
        <params>f</params>
        <coeffs>8.3778542177238400e+00</coeffs>
      </covariance>
    </sensor>
    <sensor id="1" label="Nexus 5 (3.97 mm)" type="frame">
      <resolution width="3264" height="2448"/>
      <property name="focal_length" value="3.9700000000000002"/>
      <property name="fixed" value="false"/>
      <bands>
        <band label="Red"/>
        <band label="Green"/>
        <band label="Blue"/>
      </bands>
      <covariance>
        <params>f</params>
        <coeffs>2.8376028745355256e+01</coeffs>
      </covariance>
    </sensor>
    <sensor id="2" label="NIKON D5100 (18 mm)" type="frame">
      <resolution width="4928" height="3264"/>
      <property name="pixel_width" value="0.004879857876584355"/>
      <property name="pixel_height" value="0.004879857876584355"/>
      <property name="focal_length" value="18"/>
      <property name="fixed" value="false"/>
      <bands>
        <band label="Red"/>
        <band label="Green"/>
        <band label="Blue"/>
      </bands>
    </sensor>
    <sensor id="3" label="NIKON D5100 (26 mm)" type="frame">
      <resolution width="4928" height="3264"/>
      <property name="pixel_width" value="0.004879857876584355"/>
      <property name="pixel_height" value="0.004879857876584355"/>
      <property name="focal_length" value="26"/>
      <property name="fixed" value="false"/>
      <bands>
        <band label="Red"/>
        <band label="Green"/>
        <band label="Blue"/>
      </bands>
    </sensor>
    <sensor id="4" label="NIKON D5100 (44 mm)" type="frame">
      <resolution width="4928" height="3264"/>
      <property name="pixel_width" value="0.004879857876584355"/>
      <property name="pixel_height" value="0.004879857876584355"/>
      <property name="focal_length" value="44"/>
      <property name="fixed" value="false"/>
      <bands>
        <band label="Red"/>
        <band label="Green"/>
        <band label="Blue"/>
      </bands>
    </sensor>
    <sensor id="5" label="NIKON D5100 (35 mm)" type="frame">
      <resolution width="4928" height="3264"/>
      <property name="pixel_width" value="0.0049267795869361282"/>
      <property name="pixel_height" value="0.0049267795869361282"/>
      <property name="focal_length" value="35"/>
      <property name="fixed" value="false"/>
      <bands>
        <band label="Red"/>
        <band label="Green"/>
        <band label="Blue"/>
      </bands>
    </sensor>
    <sensor id="6" label="NIKON D5100 (24 mm)" type="frame">
      <resolution width="4928" height="3264"/>
      <property name="pixel_width" value="0.0048798578765843559"/>
      <property name="pixel_height" value="0.0048798578765843559"/>
      <property name="focal_length" value="24"/>
      <property name="fixed" value="false"/>
      <bands>
        <band label="Red"/>
        <band label="Green"/>
        <band label="Blue"/>
      </bands>
    </sensor>
    <sensor id="7" label="NIKON D5100 (24 mm)" type="frame">
      <resolution width="4928" height="3264"/>
      <property name="pixel_width" value="0.0048798578765843559"/>
      <property name="pixel_height" value="0.0048798578765843559"/>
      <property name="focal_length" value="24"/>
      <property name="fixed" value="false"/>
      <bands>
        <band label="Red"/>
        <band label="Green"/>
        <band label="Blue"/>
      </bands>
      <calibration type="frame" class="adjusted">
        <resolution width="4928" height="3264"/>
        <fx>5133.4751007634286</fx>
        <fy>5130.812791884935</fy>
        <cx>2464</cx>
        <cy>1632</cy>
        <skew>-1.6413298238228244</skew>
        <k1>-0.063075553033025533</k1>
        <p1>-6.2240438152386064e-05</p1>
        <p2>0.0011017856303909101</p2>
      </calibration>
      <covariance>
        <params>f b1 b2 k1 p1 p2</params>
        <coeffs>4.0503382469934923e-01 5.4213629052645117e-03 -3.9851995839358546e-03 -1.4380295408462021e-05 1.3557123680760709e-06 2.3881254038094785e-06 5.4213629052644284e-03 1.2537705770789319e-02 -5.2090839138071913e-05 -2.2746950389885010e-06 -5.8516935028239433e-09 4.3285936014315003e-07 -3.9851995839358780e-03 -5.2090839138068830e-05 7.9956501063056847e-03 -9.0118403576981089e-08 -1.5450321495976628e-07 -1.9267865762235746e-07 -1.4380295408462074e-05 -2.2746950389884993e-06 -9.0118403576973518e-08 1.6708090846987746e-08 -4.3256187413965155e-10 -9.3466855303346687e-11 1.3557123680760841e-06 -5.8516935028200721e-09 -1.5450321495976549e-07 -4.3256187413965279e-10 4.0503347932736137e-10 9.1866883352289330e-12 2.3881254038094514e-06 4.3285936014315215e-07 -1.9267865762235815e-07 -9.3466855303346287e-11 9.1866883352284354e-12 7.3643723699851590e-10</coeffs>
      </covariance>
    </sensor>
    <sensor id="8" label="NIKON D5100 (22 mm)" type="frame">
      <resolution width="4928" height="3264"/>
      <property name="pixel_width" value="0.004879857876584355"/>
      <property name="pixel_height" value="0.004879857876584355"/>
      <property name="focal_length" value="22"/>
      <property name="fixed" value="false"/>
      <bands>
        <band label="Red"/>
        <band label="Green"/>
        <band label="Blue"/>
      </bands>
      <calibration type="frame" class="adjusted">
        <resolution width="4928" height="3264"/>
        <fx>4509.9324680747295</fx>
        <fy>4508.3280202821907</fy>
        <cx>2464</cx>
        <cy>1632</cy>
        <skew>-0.94951951960387937</skew>
        <k1>-0.081012960015619473</k1>
        <p1>0.0028096268347274963</p1>
        <p2>-0.0004217536062655964</p2>
      </calibration>
      <covariance>
        <params>b1 b2 k1 p1 p2</params>
        <coeffs>3.8203429771950376e-02 -4.0478560038801001e-03 -7.8963940043588482e-06 2.1030233029513455e-07 4.6279729407703994e-06 -4.0478560038801140e-03 4.0517113200462390e-02 6.3686765576135416e-06 -4.4974977099981874e-06 -1.2847596022143137e-06 -7.8963940043588584e-06 6.3686765576135425e-06 1.4587125762357898e-08 -9.7007317879693408e-10 -2.5352481109149262e-09 2.1030233029513776e-07 -4.4974977099981934e-06 -9.7007317879693408e-10 1.2024583785682974e-09 1.0110240816277239e-10 4.6279729407704197e-06 -1.2847596022143162e-06 -2.5352481109149349e-09 1.0110240816277238e-10 1.5607861514242158e-09</coeffs>
      </covariance>
    </sensor>
    <sensor id="9" label="NIKON D5100 (18 mm)" type="frame">
      <resolution width="4928" height="3264"/>
      <property name="pixel_width" value="0.004879857876584355"/>
      <property name="pixel_height" value="0.004879857876584355"/>
      <property name="focal_length" value="18"/>
      <property name="fixed" value="false"/>
      <bands>
        <band label="Red"/>
        <band label="Green"/>
        <band label="Blue"/>
      </bands>
      <calibration type="frame" class="adjusted">
        <resolution width="4928" height="3264"/>
        <fx>3835.0879090911258</fx>
        <fy>3835.0879090911258</fy>
        <cx>2459.442400857522</cx>
        <cy>1669.4021658003546</cy>
        <skew>-0.60185011309814707</skew>
        <k1>-0.090008125831265662</k1>
        <k2>0.020536628858882872</k2>
        <p1>0.00057750887932750915</p1>
        <p2>-0.00080387202653084346</p2>
      </calibration>
      <covariance>
        <params>f cx cy b2 k1 k2 p1 p2</params>
        <coeffs>1.3178505450234626e-01 3.2395773482624692e-03 -2.6750372733261796e-02 -1.3366101744071332e-04 -4.2784646460168725e-06 1.3244822655116082e-05 1.1408367083983990e-07 -4.6854181996597852e-07 3.2395773482624371e-03 2.8295723708721215e-01 -1.5156267905072242e-02 -3.8182798005155557e-03 -2.7650043047486921e-07 7.1484011780481562e-06 1.4894611634495428e-05 -1.1087232413781214e-06 -2.6750372733261678e-02 -1.5156267905072279e-02 1.3428148012747557e-01 1.1681132212267270e-03 -3.4426708117095200e-07 -3.2393645391992493e-06 -1.0206466739194227e-06 5.1410064928718703e-06 -1.3366101744066407e-04 -3.8182798005156880e-03 1.1681132212267499e-03 4.2894500044443956e-03 -2.5640009955821095e-07 -1.3754139057289905e-08 -4.6977577838952361e-07 3.7411293555562874e-07 -4.2784646460168412e-06 -2.7650043047507991e-07 -3.4426708117103739e-07 -2.5640009955821952e-07 1.6598177096948580e-08 -2.5280122255196354e-08 4.2782188646336460e-10 -4.0497884992519348e-10 1.3244822655116068e-05 7.1484011780485764e-06 -3.2393645391991989e-06 -1.3754139057288640e-08 -2.5280122255196351e-08 4.9335822958096889e-08 3.0319500506963090e-10 6.3843261027848869e-11 1.1408367083983397e-07 1.4894611634495381e-05 -1.0206466739194259e-06 -4.6977577838951943e-07 4.2782188646336450e-10 3.0319500506963106e-10 1.0204448525642449e-09 -1.1646442018900058e-10 -4.6854181996597291e-07 -1.1087232413781210e-06 5.1410064928718551e-06 3.7411293555562858e-07 -4.0497884992519369e-10 6.3843261027850846e-11 -1.1646442018900050e-10 4.9302268497044286e-10</coeffs>
      </covariance>
    </sensor>
    <sensor id="10" label="Nexus 5 (3.97 mm)" type="frame">
      <resolution width="2448" height="3264"/>
      <property name="focal_length" value="3.9700000000000002"/>
      <property name="fixed" value="false"/>
      <bands>
        <band label="Red"/>
        <band label="Green"/>
        <band label="Blue"/>
      </bands>
      <calibration type="frame" class="adjusted">
        <resolution width="2448" height="3264"/>
        <fx>2867.985049452981</fx>
        <fy>2863.3041369258367</fy>
        <cx>1224</cx>
        <cy>1632</cy>
        <k1>0.036992383989187888</k1>
        <p1>0.0023852113799037694</p1>
        <p2>6.5327520007262368e-05</p2>
      </calibration>
      <covariance>
        <params>f b1 k1 p1 p2</params>
        <coeffs>2.2705451906475885e-01 2.4106082437504442e-03 -3.9931815661935042e-06 -2.4242977245658384e-06 7.4909734734914262e-06 2.4106082437504975e-03 1.6300709388922179e-02 2.9972172278202135e-06 3.2650640252805993e-07 8.0185159786131558e-07 -3.9931815661935381e-06 2.9972172278202148e-06 3.1648227195572929e-08 -1.1524119330918463e-10 -1.4271586994537885e-09 -2.4242977245657986e-06 3.2650640252806072e-07 -1.1524119330918811e-10 1.2719661017342242e-09 4.8986517886089181e-11 7.4909734734914296e-06 8.0185159786131389e-07 -1.4271586994537869e-09 4.8986517886089168e-11 1.1156149644412578e-09</coeffs>
      </covariance>
    </sensor>
    <sensor id="11" label="Nexus 5 (3.97 mm)" type="frame">
      <resolution width="3264" height="2448"/>
      <property name="focal_length" value="3.9700000000000002"/>
      <property name="fixed" value="false"/>
      <bands>
        <band label="Red"/>
        <band label="Green"/>
        <band label="Blue"/>
      </bands>
      <calibration type="frame" class="adjusted">
        <resolution width="3264" height="2448"/>
        <fx>2900.0068853820489</fx>
        <fy>2895.463391590155</fy>
        <cx>1632</cx>
        <cy>1224</cy>
        <skew>-4.7831410469194049</skew>
        <k1>0.04699956561207709</k1>
        <p1>0.00060250123361641416</p1>
        <p2>-0.0033240401173673549</p2>
      </calibration>
      <covariance>
        <params>f b1 b2 k1 p1 p2</params>
        <coeffs>2.8850973074998143e-01 -7.7459070437360632e-03 -3.6297571900673464e-03 1.2811226357983487e-05 -2.3890875978886061e-06 -2.9045058476131748e-06 -7.7459070437359548e-03 8.8198618658820900e-03 3.5143618641435796e-04 6.7951701221819791e-07 -5.9189606785683982e-07 5.4027004071324303e-08 -3.6297571900674066e-03 3.5143618641435791e-04 7.3499806402828553e-03 3.6780440342668034e-07 -1.7629713211793196e-07 -4.6868643607798192e-07 1.2811226357983393e-05 6.7951701221819960e-07 3.6780440342666647e-07 2.4022753044024481e-08 -7.8257143377063042e-10 -9.3880598272517927e-10 -2.3890875978886489e-06 -5.9189606785683971e-07 -1.7629713211792799e-07 -7.8257143377063466e-10 7.7834562185259427e-10 3.1892117792835447e-11 -2.9045058476131841e-06 5.4027004071325527e-08 -4.6868643607798139e-07 -9.3880598272518444e-10 3.1892117792836183e-11 1.0357969383656364e-09</coeffs>
      </covariance>
    </sensor>
    <sensor id="12" label="NIKON D5100 (26 mm)" type="frame">
      <resolution width="4928" height="3264"/>
      <property name="pixel_width" value="0.004879857876584355"/>
      <property name="pixel_height" value="0.004879857876584355"/>
      <property name="focal_length" value="26"/>
      <property name="fixed" value="false"/>
      <bands>
        <band label="Red"/>
        <band label="Green"/>
        <band label="Blue"/>
      </bands>
      <calibration type="frame" class="adjusted">
        <resolution width="4928" height="3264"/>
        <fx>5373.8410135239164</fx>
        <fy>5372.5956348377331</fy>
        <cx>2464</cx>
        <cy>1632</cy>
        <k1>-0.069228622987066363</k1>
        <p1>0.00047670981058372191</p1>
        <p2>-0.00020950295640755409</p2>
      </calibration>
      <covariance>
        <params>f b1 k1 p1 p2</params>
        <coeffs>3.3424658252774730e-01 -6.7671314495670208e-03 3.5878497397109561e-06 9.3022942372786167e-07 -1.7686364717858973e-07 -6.7671314495672229e-03 1.2379319100017806e-02 -2.3898168619102822e-06 -1.4015965075992377e-07 3.0935971572066970e-07 3.5878497397108676e-06 -2.3898168619102780e-06 1.7298201637851648e-08 -4.1008207521152682e-10 -6.0562257559894547e-10 9.3022942372786813e-07 -1.4015965075992311e-07 -4.1008207521152552e-10 3.1890483568395805e-10 -4.3713834657562073e-12 -1.7686364717857628e-07 3.0935971572067134e-07 -6.0562257559894527e-10 -4.3713834657559326e-12 5.9549721387164713e-10</coeffs>
      </covariance>
    </sensor>
    <sensor id="13" label="NIKON D5100 (44 mm)" type="frame">
      <resolution width="4928" height="3264"/>
      <property name="pixel_width" value="0.004879857876584355"/>
      <property name="pixel_height" value="0.004879857876584355"/>
      <property name="focal_length" value="44"/>
      <property name="fixed" value="false"/>
      <bands>
        <band label="Red"/>
        <band label="Green"/>
        <band label="Blue"/>
      </bands>
      <calibration type="frame" class="adjusted">
        <resolution width="4928" height="3264"/>
        <fx>9016.6560405643813</fx>
        <fy>9016.6560405643813</fy>
        <cx>2464</cx>
        <cy>1632</cy>
        <p1>0.0019581626176514311</p1>
        <p2>0.00159877046328303</p2>
      </calibration>
      <covariance>
        <params>p1 p2</params>
        <coeffs>4.8881258246047736e-09 -2.8625670322979435e-09 -2.8625670322979307e-09 1.1050173403506131e-08</coeffs>
      </covariance>
    </sensor>
  </sensors>
  <cameras next_id="148" next_group_id="0">
    <camera id="112" label="DSC_0114.JPG" sensor_id="12" enabled="true">
      <transform>9.9065456817775788e-01 -1.1711707606675456e-01 6.9907918307685821e-02 -1.2228080741220242e+00 1.2432042018151207e-01 5.6449904241537785e-01 -8.1601793132137346e-01 1.4632742120111930e+01 5.6106681192459887e-02 8.1708287315650885e-01 5.7378359920781297e-01 6.9480044683484516e+00 0.0000000000000000e+00 0.0000000000000000e+00 0.0000000000000000e+00 1.0000000000000000e+00</transform>
      <orientation>6</orientation>
    </camera>
    <camera id="113" label="DSC_0115.JPG" sensor_id="12" enabled="true">
      <transform>9.8883319235770251e-01 -1.3153367959955473e-01 7.0055755100325329e-02 -7.5865705618792478e-01 1.4196812497317909e-01 6.8846610412321452e-01 -7.1123798757167278e-01 1.2534578525252112e+01 4.5320736790953491e-02 7.1324141397173846e-01 6.9945172543380030e-01 4.6978152619774365e+00 0.0000000000000000e+00 0.0000000000000000e+00 0.0000000000000000e+00 1.0000000000000000e+00</transform>
      <orientation>6</orientation>
    </camera>
    <camera id="114" label="DSC_0116.JPG" sensor_id="12" enabled="true">
      <transform>9.9206975202628733e-01 -1.1823233604752373e-01 4.2646474968586111e-02 -4.1829448325550073e-01 1.2185418035113221e-01 8.2157867120837824e-01 -5.5692014306041149e-01 1.0145446373660217e+01 3.0808535269541214e-02 5.5770027947654899e-01 8.2947045301585309e-01 2.7913160943921649e+00 0.0000000000000000e+00 0.0000000000000000e+00 0.0000000000000000e+00 1.0000000000000000e+00</transform>
      <orientation>6</orientation>
    </camera>
    <camera id="115" label="DSC_0117.JPG" sensor_id="12" enabled="true">
      <transform>9.9655526469564615e-01 -8.1763596085730986e-02 1.3867904042068172e-02 -2.1096928784457600e-01 8.1070550387531651e-02 9.2525324138874698e-01 -3.7058602936360113e-01 6.8092091207778376e+00 1.7469123253708637e-02 3.7043373719836398e-01 9.2869460861900144e-01 1.2242129880106192e+00 0.0000000000000000e+00 0.0000000000000000e+00 0.0000000000000000e+00 1.0000000000000000e+00</transform>
      <orientation>6</orientation>
    </camera>
    <camera id="116" label="DSC_0118.JPG" sensor_id="12" enabled="true">
      <transform>9.9953587189149085e-01 -2.7277428998692572e-02 1.3564021134550358e-02 -3.8743421764488382e-02 2.9305508970917049e-02 9.8257005566354882e-01 -1.8356816951009267e-01 3.4977548625460955e+00 -8.3203332909651834e-03 1.8388047090583573e-01 9.8291339622236062e-01 3.3505214322254573e-01 0.0000000000000000e+00 0.0000000000000000e+00 0.0000000000000000e+00 1.0000000000000000e+00</transform>
      <orientation>6</orientation>
    </camera>
    <camera id="117" label="DSC_0119.JPG" sensor_id="12" enabled="true">
      <transform>9.9999240644180953e-01 -4.2828163821646359e-04 3.8734524080100419e-03 7.7799633008528613e-04 3.2421000684441155e-04 9.9963999157530981e-01 2.6828755677185390e-02 -4.9096235939567673e-01 -3.8835481959432561e-03 -2.6827296139436265e-02 9.9963253960405707e-01 3.0893826537105984e-01 0.0000000000000000e+00 0.0000000000000000e+00 0.0000000000000000e+00 1.0000000000000000e+00</transform>
      <orientation>6</orientation>
    </camera>
    <camera id="118" label="DSC_0120.JPG" sensor_id="12" enabled="true">
      <transform>9.9959133750161033e-01 -3.4172859905439476e-04 -2.8583932782355822e-02 -5.3107247164452934e-02 -2.7705655131346496e-04 9.9976576245146542e-01 -2.1641244638594306e-02 4.2381146616091353e-01 2.8584632784225548e-02 2.1640320039331695e-02 9.9935710099903041e-01 -1.6232839162064028e-01 0.0000000000000000e+00 0.0000000000000000e+00 0.0000000000000000e+00 1.0000000000000000e+00</transform>
      <orientation>6</orientation>
    </camera>
    <camera id="119" label="DSC_0121.JPG" sensor_id="13" enabled="true">
      <transform>9.9637589372905955e-01 7.5679990279942074e-03 -8.4721920341373741e-02 -3.8381013206715570e-01 -1.0108436084646781e-02 9.9951080218822286e-01 -2.9596888839502566e-02 2.8269532104692613e-01 8.4456485337364162e-02 3.0346032685798309e-02 9.9596496945660296e-01 -2.7680444687916450e-01 0.0000000000000000e+00 0.0000000000000000e+00 0.0000000000000000e+00 1.0000000000000000e+00</transform>
      <orientation>6</orientation>
    </camera>
    <camera id="46" label="DSC_0365.JPG" sensor_id="7" enabled="true">
      <transform>9.8918071941192220e-01 -1.2472542690280923e-01 7.7233880050299644e-02 -1.0091094435626649e+00 1.3733120739486301e-01 6.0213220372217247e-01 -7.8649662981868496e-01 1.5099133859013003e+01 5.1591121515055335e-02 7.8859392409819662e-01 6.1274625992838716e-01 5.1191657289424031e+00 0.0000000000000000e+00 0.0000000000000000e+00 0.0000000000000000e+00 1.0000000000000000e+00</transform>
      <orientation>6</orientation>
    </camera>
    <camera id="47" label="DSC_0366.JPG" sensor_id="7" enabled="true">
      <transform>9.9185194934494381e-01 -1.1000869546393818e-01 6.4247937733110314e-02 -5.0260214133101888e-01 1.2514023227914151e-01 7.4683642674697115e-01 -6.5312730301905042e-01 1.2835498607497245e+01 2.3866982334547992e-02 6.5584559052122826e-01 7.5451767941387815e-01 2.1346338042122834e+00 0.0000000000000000e+00 0.0000000000000000e+00 0.0000000000000000e+00 1.0000000000000000e+00</transform>
      <orientation>6</orientation>
    </camera>
    <camera id="48" label="DSC_0367.JPG" sensor_id="7" enabled="true">
      <transform>9.9372453985459608e-01 -1.0142168354106397e-01 4.7171824201185319e-02 -9.0577674732797278e-02 1.1146227286359621e-01 8.6256309070128212e-01 -4.9351907388461985e-01 9.3517920843194684e+00 9.3648608560129333e-03 4.9567989334604640e-01 8.6845480176782919e-01 -1.3472310610715754e-01 0.0000000000000000e+00 0.0000000000000000e+00 0.0000000000000000e+00 1.0000000000000000e+00</transform>
      <orientation>6</orientation>
    </camera>
    <camera id="49" label="DSC_0368.JPG" sensor_id="7" enabled="true">
      <transform>9.9753554161481384e-01 -5.9679500533995684e-02 3.6894449870580361e-02 1.6177858110610174e-01 6.7791541220721535e-02 9.5536567086916213e-01 -2.8754259139062333e-01 5.3412311623327096e+00 -1.8087292615512458e-02 2.8933508625938986e-01 9.5705697725115213e-01 -1.4856479156707123e+00 0.0000000000000000e+00 0.0000000000000000e+00 0.0000000000000000e+00 1.0000000000000000e+00</transform>
      <orientation>6</orientation>
    </camera>
    <camera id="50" label="DSC_0369.JPG" sensor_id="7" enabled="true">
      <transform>9.9984091473876169e-01 -4.0611991761702508e-03 1.7368128154978294e-02 1.7919371405488832e-01 5.3555431305190642e-03 9.9715865556594607e-01 -7.5139428981674763e-02 1.3735756539438115e+00 -1.7013623133636930e-02 7.5220491165416278e-02 9.9702177224807886e-01 -1.8733039311633191e+00 0.0000000000000000e+00 0.0000000000000000e+00 0.0000000000000000e+00 1.0000000000000000e+00</transform>
      <orientation>6</orientation>
    </camera>
    <camera id="51" label="DSC_0370.JPG" sensor_id="7" enabled="true">
      <transform>9.9905353234193228e-01 4.2027330356913965e-02 1.1213519437643260e-02 1.2923729181267843e-01 -4.3246352401938366e-02 9.8737682658463188e-01 1.5237045424749890e-01 -2.6473573932301258e+00 -4.6682458198926075e-03 -1.5271118435377484e-01 9.8825983509107185e-01 -1.6898673337984906e+00 0.0000000000000000e+00 0.0000000000000000e+00 0.0000000000000000e+00 1.0000000000000000e+00</transform>
      <orientation>6</orientation>
    </camera>
    <camera id="52" label="DSC_0371.JPG" sensor_id="7" enabled="true">
      <transform>9.9712778337293506e-01 7.4538039416527618e-02 1.3426254344279536e-02 1.1616415352911401e-01 -7.4442460173662572e-02 9.3191036370146973e-01 3.5496675076559936e-01 -6.2582491809636007e+00 1.3946460090997001e-02 -3.5494669276630064e-01 9.3478251029059989e-01 -1.6590688283665280e+00 0.0000000000000000e+00 0.0000000000000000e+00 0.0000000000000000e+00 1.0000000000000000e+00</transform>
      <orientation>6</orientation>
    </camera>
    <camera id="53" label="DSC_0372.JPG" sensor_id="7" enabled="true">
      <transform>9.9482731345354303e-01 1.0060974149605678e-01 1.4010578963867008e-02 -8.6571752183896206e-02 -9.2054038721941844e-02 8.3459609001696888e-01 5.4311639680952983e-01 -1.0351749299570907e+01 4.2949625863159216e-02 -5.4159675630904958e-01 8.3954051908989502e-01 -4.9671143868102097e-01 0.0000000000000000e+00 0.0000000000000000e+00 0.0000000000000000e+00 1.0000000000000000e+00</transform>
      <orientation>6</orientation>
    </camera>
    <camera id="54" label="DSC_0373.JPG" sensor_id="7" enabled="true">
      <transform>9.9299709635642031e-01 1.1163395819152037e-01 3.8660393249576437e-02 -5.1136766304645098e-01 -1.0224090392720210e-01 6.4809314511062055e-01 7.5466686214830758e-01 -1.4812252464770054e+01 5.9190913085258652e-02 -7.5333467638169826e-01 6.5496816805781888e-01 3.1432627301474367e+00 0.0000000000000000e+00 0.0000000000000000e+00 0.0000000000000000e+00 1.0000000000000000e+00</transform>
      <orientation>6</orientation>
    </camera>
    <camera id="55" label="DSC_0374.JPG" sensor_id="7" enabled="true">
      <transform>9.9168060728161422e-01 1.0794748078350118e-01 7.0120714015648802e-02 -9.7644082869747995e-01 -1.1329799834777150e-01 4.7340699394348262e-01 8.7352697820718939e-01 -1.6839582443932724e+01 6.1099400258571510e-02 -8.7420430076606859e-01 4.8169876874469153e-01 7.3908051324562702e+00 0.0000000000000000e+00 0.0000000000000000e+00 0.0000000000000000e+00 1.0000000000000000e+00</transform>
      <orientation>6</orientation>
    </camera>
    <camera id="56" label="DSC_0375.JPG" sensor_id="7" enabled="true">
      <transform>9.8970570333857455e-01 1.0648349477144339e-01 9.5623669247510298e-02 -1.6117616976712101e+00 -1.2567191846599440e-01 3.2691822357029915e-01 9.3665951338077824e-01 -1.3825783447896566e+01 6.8477658314034892e-02 -9.3903447244438243e-01 3.3693481546573129e-01 1.2264336256010166e+01 0.0000000000000000e+00 0.0000000000000000e+00 0.0000000000000000e+00 1.0000000000000000e+00</transform>
      <orientation>6</orientation>
    </camera>
    <camera id="57" label="DSC_0376.JPG" sensor_id="7" enabled="true">
      <transform>9.9066098786627188e-01 7.1835958628184232e-02 1.1588961199258421e-01 -1.7661539730062263e+00 -1.2583742867596606e-01 1.5446234283376606e-01 9.7995220607462541e-01 -1.2708527016907476e+01 5.2495225154703985e-02 -9.8538367131502314e-01 1.6205946946008126e-01 1.4679702131642587e+01 0.0000000000000000e+00 0.0000000000000000e+00 0.0000000000000000e+00 1.0000000000000000e+00</transform>
      <orientation>6</orientation>
    </camera>
    <camera id="58" label="DSC_0377.JPG" sensor_id="7" enabled="true">
      <transform>9.9258470965084666e-01 1.2067778667053719e-01 1.4576212527412313e-02 -8.2460485837225961e-01 -4.9657166670373440e-03 -7.9558421357276310e-02 9.9681783654242495e-01 -1.2052402603156109e+01 1.2145343068570227e-01 -9.8949852420073792e-01 -7.8369220866580769e-02 1.7141414741693563e+01 0.0000000000000000e+00 0.0000000000000000e+00 0.0000000000000000e+00 1.0000000000000000e+00</transform>
      <orientation>6</orientation>
    </camera>
    <camera id="59" label="DSC_0378.JPG" sensor_id="7" enabled="true">
      <transform>9.8655155456415367e-01 1.5597666469368049e-01 4.8860109067490075e-02 -9.8694075403625292e-01 -2.9729205336632911e-02 -1.2270877029703268e-01 9.9199734477580248e-01 -1.0767778062238655e+01 1.6072400112336729e-01 -9.8010909482731823e-01 -1.1642146580279167e-01 1.9071936359861251e+01 0.0000000000000000e+00 0.0000000000000000e+00 0.0000000000000000e+00 1.0000000000000000e+00</transform>
      <orientation>6</orientation>
    </camera>
    <camera id="60" label="DSC_0379.JPG" sensor_id="8" enabled="true">
      <transform>9.8881192537879492e-01 1.4185548818679178e-01 4.6130214610036364e-02 -1.5191049741999716e+00 -2.7679937033430371e-02 -1.2938780372256858e-01 9.9120765601042227e-01 -1.1268442102624658e+01 1.4657693309148737e-01 -9.8139483222561197e-01 -1.2401365233858970e-01 2.0285213630748583e+01 0.0000000000000000e+00 0.0000000000000000e+00 0.0000000000000000e+00 1.0000000000000000e+00</transform>
      <orientation>6</orientation>
    </camera>
    <camera id="61" label="DSC_0380.JPG" sensor_id="8" enabled="true">
      <transform>9.8833343584294431e-01 1.0992392397382150e-01 1.0542177447320178e-01 -1.5589184033523233e+00 -5.6009178785401452e-02 -3.8135559181141937e-01 9.2273012548954259e-01 -8.8320259751769203e+00 1.4163329935670510e-01 -9.1786962229521452e-01 -3.7074973362225677e-01 2.2824585719148558e+01 0.0000000000000000e+00 0.0000000000000000e+00 0.0000000000000000e+00 1.0000000000000000e+00</transform>
      <orientation>6</orientation>
    </camera>
    <camera id="62" label="DSC_0381.JPG" sensor_id="8" enabled="true">
      <transform>9.7616049431913843e-01 1.7997406957640266e-01 1.2132610440759953e-01 5.7772996908465113e-01 -8.3321006992060812e-02 -2.0543283498023113e-01 9.7511792112842144e-01 -8.8934658925689458e+00 2.0042030616792431e-01 -9.6198060510183547e-01 -1.8553979703411930e-01 2.3566658809879598e+01 0.0000000000000000e+00 0.0000000000000000e+00 0.0000000000000000e+00 1.0000000000000000e+00</transform>
      <orientation>6</orientation>
    </camera>
    <camera id="63" label="DSC_0382.JPG" sensor_id="9" enabled="true">
      <transform>9.8651820798086676e-01 1.5353081234471821e-01 5.6657876619145064e-02 3.0010262313783731e-01 -9.6253979583239974e-03 -2.9117600529096060e-01 9.5662107736393842e-01 -9.0642856769865716e+00 1.6336822529599579e-01 -9.4426946556773161e-01 -2.8577263577898315e-01 2.3745354890847658e+01 0.0000000000000000e+00 0.0000000000000000e+00 0.0000000000000000e+00 1.0000000000000000e+00</transform>
      <orientation>6</orientation>
    </camera>
    <camera id="64" label="DSC_0383.JPG" sensor_id="9" enabled="true">
      <transform>9.8765967537559973e-01 1.5158708203727089e-01 3.9366511102591574e-02 9.5967970803228664e-01 -9.4497317825793098e-03 -1.9322063215249791e-01 9.8110982559539506e-01 -1.0127161472381422e+01 1.5632999778098278e-01 -9.6937461482649467e-01 -1.8940376956064822e-01 2.1940770262888574e+01 0.0000000000000000e+00 0.0000000000000000e+00 0.0000000000000000e+00 1.0000000000000000e+00</transform>
      <orientation>6</orientation>
    </camera>
    <camera id="65" label="DSC_0384.JPG" sensor_id="9" enabled="true">
      <transform>9.9483131233225941e-01 9.5261981230594359e-02 -3.5154159573186586e-02 1.6657530724487628e+00 3.8482375136436583e-02 -3.3328042995993783e-02 9.9870333350495832e-01 -1.1632810060075288e+01 9.3966838869538147e-02 -9.9489416345764103e-01 -3.6821688049126361e-02 1.9490253736544318e+01 0.0000000000000000e+00 0.0000000000000000e+00 0.0000000000000000e+00 1.0000000000000000e+00</transform>
      <orientation>6</orientation>
    </camera>
    <camera id="66" label="DSC_0385.JPG" sensor_id="9" enabled="true">
      <transform>9.9830405149028434e-01 8.0786067069488557e-04 -5.8209691110848699e-02 2.3455498280557707e+00 5.7601139444366803e-02 1.3115173256192891e-01 9.8968749197952133e-01 -1.3078006370503346e+01 8.4338314421314418e-03 -9.9136197748710386e-01 1.3088277228139958e-01 1.6832834910794300e+01 0.0000000000000000e+00 0.0000000000000000e+00 0.0000000000000000e+00 1.0000000000000000e+00</transform>
      <orientation>6</orientation>
    </camera>
    <camera id="67" label="DSC_0386.JPG" sensor_id="9" enabled="true">
      <transform>9.7884631365707531e-01 6.1580702015893336e-02 1.9510948562072328e-01 6.7907884864681667e-01 -1.3543644653800685e-01 -5.1974816519226386e-01 8.4351574598725354e-01 -6.8682204831964686e+00 1.5335208896233232e-01 -8.5209721388965054e-01 -5.0041330407212792e-01 2.5091664526919924e+01 0.0000000000000000e+00 0.0000000000000000e+00 0.0000000000000000e+00 1.0000000000000000e+00</transform>
      <orientation>6</orientation>
    </camera>
    <camera id="69" label="DSC_0388.JPG" sensor_id="9" enabled="true">
      <transform>9.5943286583265652e-01 2.2554534835001888e-02 2.8103357258255318e-01 2.2802471105202832e-01 -1.6998180589954365e-01 -7.4897976246531273e-01 6.4041822356998379e-01 -4.6789394454780231e+00 2.2493279357013812e-01 -6.6220888575719106e-01 -7.1476193939027921e-01 2.5839293419651334e+01 0.0000000000000000e+00 0.0000000000000000e+00 0.0000000000000000e+00 1.0000000000000000e+00</transform>
      <orientation>6</orientation>
    </camera>
    <camera id="70" label="DSC_0389.JPG" sensor_id="9" enabled="true">
      <transform>9.3192966480916983e-01 2.4934038655785355e-02 3.6178086401160009e-01 -4.1159843230115749e+00 2.9147989944119601e-02 -9.9955591523266618e-01 -6.1941105579934172e-03 -1.7696352445607986e+00 3.6146575844868839e-01 1.6317660362286768e-02 -9.3224258614880684e-01 2.9048086221282979e+01 0.0000000000000000e+00 0.0000000000000000e+00 0.0000000000000000e+00 1.0000000000000000e+00</transform>
      <orientation>6</orientation>
    </camera>
    <camera id="71" label="DSC_0390.JPG" sensor_id="9" enabled="true">
      <transform>9.3116816721511708e-01 2.5047227485688744e-03 3.6458136366138238e-01 -4.1701804421636952e+00 5.4973120910108031e-02 -9.8950847037285150e-01 -1.3360742134246248e-01 1.5634337357181718e+00 3.6042169793540868e-01 1.4445315304392789e-01 -9.2153648122742515e-01 2.9738129077766324e+01 0.0000000000000000e+00 0.0000000000000000e+00 0.0000000000000000e+00 1.0000000000000000e+00</transform>
      <orientation>6</orientation>
    </camera>
    <camera id="72" label="DSC_0391.JPG" sensor_id="9" enabled="true">
      <transform>9.6364775317964635e-01 -1.5679570454685640e-02 2.6671550172829356e-01 -4.8230030522329894e+00 1.0292816221626316e-01 -8.9943719579219394e-01 -4.2475701789170844e-01 7.5222409800359520e+00 2.4655385053695961e-01 4.3676868236611360e-01 -8.6512676348010842e-01 3.2466056591869126e+01 0.0000000000000000e+00 0.0000000000000000e+00 0.0000000000000000e+00 1.0000000000000000e+00</transform>
      <orientation>6</orientation>
    </camera>
    <camera id="73" label="DSC_0392.JPG" sensor_id="9" enabled="true">
      <transform>9.6631922135980441e-01 -5.6707920556076222e-02 2.5102066484014174e-01 -4.5978597771047935e+00 1.1019817799670879e-01 -7.9028588050645066e-01 -6.0274753308358697e-01 1.1027943502953313e+01 2.3255864635998102e-01 6.1010854675078097e-01 -7.5741932717937921e-01 3.1034903646011657e+01 0.0000000000000000e+00 0.0000000000000000e+00 0.0000000000000000e+00 1.0000000000000000e+00</transform>
      <orientation>6</orientation>
    </camera>
    <camera id="74" label="DSC_0393.JPG" sensor_id="9" enabled="true">
      <transform>9.6622823834545946e-01 -9.2301334900850948e-02 2.4058980651588363e-01 -4.1634742220393752e+00 1.3158316860197794e-01 -6.2602539045344252e-01 -7.6862089501149922e-01 1.4107834976032727e+01 2.2156006220547242e-01 7.7432078241716829e-01 -5.9273810806491201e-01 2.8311137753415217e+01 0.0000000000000000e+00 0.0000000000000000e+00 0.0000000000000000e+00 1.0000000000000000e+00</transform>
      <orientation>6</orientation>
    </camera>
    <camera id="75" label="DSC_0394.JPG" sensor_id="9" enabled="true">
      <transform>9.6862089565044163e-01 -1.1283413047768891e-01 2.2145432826811196e-01 -3.4409390217173721e+00 1.6551228506104165e-01 -3.7187187093946944e-01 -9.1340954401508812e-01 1.6581972617060455e+01 1.8541640704967105e-01 9.2140098252786917e-01 -3.4152742992835616e-01 2.3638834393200579e+01 0.0000000000000000e+00 0.0000000000000000e+00 0.0000000000000000e+00 1.0000000000000000e+00</transform>
      <orientation>6</orientation>
    </camera>
    <camera id="76" label="DSC_0395.JPG" sensor_id="9" enabled="true">
      <transform>9.7338495201985908e-01 -1.1374325766166776e-01 1.9895780084683318e-01 -2.6163526025203767e+00 1.8985479625290036e-01 -8.6035444819018092e-02 -9.7803530538246086e-01 1.7104548701088035e+01 1.2836234463839608e-01 9.8977794154613541e-01 -6.2150904318670069e-02 1.8470845811610069e+01 0.0000000000000000e+00 0.0000000000000000e+00 0.0000000000000000e+00 1.0000000000000000e+00</transform>
      <orientation>6</orientation>
    </camera>
    <camera id="77" label="DSC_0396.JPG" sensor_id="9" enabled="true">
      <transform>9.8135057069370379e-01 -9.3249837263530602e-02 1.6809379896196960e-01 -1.8300370840023621e+00 1.8490570766245429e-01 2.1889607955720414e-01 -9.5806804853743721e-01 1.6129276426666994e+01 5.2544616022852396e-02 9.7128212904635036e-01 2.3205621974469848e-01 1.3316935494159674e+01 0.0000000000000000e+00 0.0000000000000000e+00 0.0000000000000000e+00 1.0000000000000000e+00</transform>
      <orientation>6</orientation>
    </camera>
    <camera id="78" label="DSC_0397.JPG" sensor_id="9" enabled="true">
      <transform>9.8650715691025437e-01 -1.1475108253157679e-01 1.1677250713536153e-01 -1.1607861585129022e+00 1.5993935584785540e-01 5.2313154481332802e-01 -8.3710978328543861e-01 1.4356483768634792e+01 3.4971871780330697e-02 8.4449131190264604e-01 5.3442622718681010e-01 8.7388748982097155e+00 0.0000000000000000e+00 0.0000000000000000e+00 0.0000000000000000e+00 1.0000000000000000e+00</transform>
      <orientation>6</orientation>
    </camera>
    <camera id="79" label="DSC_0398.JPG" sensor_id="9" enabled="true">
      <transform>9.8473546506962628e-01 -1.0791907906894026e-01 1.3656330476016815e-01 -2.9970379145159448e-01 1.7301572015180733e-01 6.9261896026769221e-01 -7.0024605422526476e-01 1.2873008010338534e+01 -1.9016424860057848e-02 7.1318472239007813e-01 7.0071815113847946e-01 3.3748329864944546e+00 0.0000000000000000e+00 0.0000000000000000e+00 0.0000000000000000e+00 1.0000000000000000e+00</transform>
      <orientation>6</orientation>
    </camera>
    <camera id="80" label="DSC_0399.JPG" sensor_id="9" enabled="true">
      <transform>9.9030776560435163e-01 -8.5318276453185113e-02 1.0959617277430095e-01 9.3817118405385827e-02 1.3035791633012001e-01 8.4327014874335460e-01 -5.2144248953113714e-01 9.4118540863416182e+00 -4.7930606440832503e-02 5.3067527541936466e-01 8.4621888954619506e-01 6.8379448717981539e-01 0.0000000000000000e+00 0.0000000000000000e+00 0.0000000000000000e+00 1.0000000000000000e+00</transform>
      <orientation>6</orientation>
    </camera>
    <camera id="81" label="DSC_0400.JPG" sensor_id="9" enabled="true">
      <transform>9.9667028446750139e-01 -3.1943396693124737e-02 7.5019753846407342e-02 2.7000196550154326e-01 5.2314212373087476e-02 9.5624625194132240e-01 -2.8784775286938846e-01 4.9002994057073703e+00 -6.2542523480056220e-02 2.9081390107056215e-01 9.5473331758186164e-01 -6.5776859627247997e-01 0.0000000000000000e+00 0.0000000000000000e+00 0.0000000000000000e+00 1.0000000000000000e+00</transform>
      <orientation>6</orientation>
    </camera>
    <camera id="82" label="DSC_0401.JPG" sensor_id="9" enabled="true">
      <transform>9.9693156371555258e-01 -6.5959789335775038e-02 -4.2151672071737999e-02 2.5458406545739554e-02 6.7455006391466565e-02 9.9710499362891680e-01 3.5092075928975043e-02 1.6811623617904135e-02 3.9714976776908294e-02 -3.7827739438908083e-02 9.9849475849828662e-01 1.3887562056802281e+00 0.0000000000000000e+00 0.0000000000000000e+00 0.0000000000000000e+00 1.0000000000000000e+00</transform>
      <orientation>6</orientation>
    </camera>
    <camera id="120" label="DSC_0717.JPG" sensor_id="12" enabled="true">
      <transform>-1.5301773313169945e-01 8.1931091225946651e-01 5.5255334801247658e-01 -6.9805395567148940e+00 -9.7362557085138490e-01 -2.2073970287344272e-01 5.7682158070406830e-02 -9.1902185688568408e-02 1.6923008341175982e-01 -5.2915367581441330e-01 8.3147914359925090e-01 1.0268415639527181e+01 0.0000000000000000e+00 0.0000000000000000e+00 0.0000000000000000e+00 1.0000000000000000e+00</transform>
      <orientation>1</orientation>
    </camera>
    <camera id="121" label="DSC_0718.JPG" sensor_id="12" enabled="true">
      <transform>-1.4482922508295912e-01 7.5028634585565268e-01 6.4505417972790591e-01 -5.9701452747297408e+00 -9.7462318301536921e-01 -2.2063635980214116e-01 3.7805394618364019e-02 -2.3321834272828432e-01 1.7068727747216450e-01 -6.2320943185724653e-01 7.6320105958607531e-01 1.0742364077347229e+01 0.0000000000000000e+00 0.0000000000000000e+00 0.0000000000000000e+00 1.0000000000000000e+00</transform>
      <orientation>1</orientation>
    </camera>
    <camera id="122" label="DSC_0719.JPG" sensor_id="12" enabled="true">
      <transform>-2.9154682766144085e-01 8.3131872682924846e-01 4.7319089351291116e-01 -6.2974749531752119e+00 -9.4023553157915762e-01 -1.5806164326996458e-01 -3.0161840474821366e-01 1.6452647858232634e+00 -1.7594769801452043e-01 -5.3284678036917477e-01 8.2771777570231930e-01 1.0297450214750405e+01 0.0000000000000000e+00 0.0000000000000000e+00 0.0000000000000000e+00 1.0000000000000000e+00</transform>
      <orientation>1</orientation>
    </camera>
    <camera id="123" label="DSC_0720.JPG" sensor_id="12" enabled="true">
      <transform>1.9421531966076375e-01 8.4208813382860470e-01 5.0315801143788341e-01 -5.8335360816929267e+00 -9.1800845200503900e-01 -2.4762335763310016e-02 3.9578694871718156e-01 -2.0549396210899169e+00 3.4574686066019333e-01 -5.3877119595669076e-01 7.6823479923199112e-01 1.1975353336931631e+01 0.0000000000000000e+00 0.0000000000000000e+00 0.0000000000000000e+00 1.0000000000000000e+00</transform>
      <orientation>1</orientation>
    </camera>
    <camera id="124" label="DSC_0721.JPG" sensor_id="12" enabled="true">
      <transform>-1.4695361599540677e-01 7.4139735857482247e-01 6.5477827655180398e-01 -6.3736401321486653e+00 -9.6224175006326662e-01 -2.6048452958150592e-01 7.8984962390847624e-02 -2.8401854498992174e-01 2.2911885383149197e-01 -6.1844786890002124e-01 7.5168263534018531e-01 1.2877661410809200e+01 0.0000000000000000e+00 0.0000000000000000e+00 0.0000000000000000e+00 1.0000000000000000e+00</transform>
      <orientation>1</orientation>
    </camera>
    <camera id="125" label="DSC_0722.JPG" sensor_id="12" enabled="true">
      <transform>-7.9031511822191980e-02 5.2008988273383050e-01 8.5044725528218923e-01 -6.5522705149220339e+00 7.1442792021329726e-01 6.2452392165617665e-01 -3.1553544665994693e-01 2.0350548024725019e+00 -6.9523144848230312e-01 5.8264602045933533e-01 -4.2092380294311993e-01 1.8189900894526204e+01 0.0000000000000000e+00 0.0000000000000000e+00 0.0000000000000000e+00 1.0000000000000000e+00</transform>
      <orientation>1</orientation>
    </camera>
    <camera id="126" label="DSC_0723.JPG" sensor_id="9" enabled="true">
      <transform>-1.1565308025415444e-02 6.4115129995050957e-01 7.6732734489398302e-01 -7.0380664518770573e+00 8.2494707841150228e-01 4.3978616705614004e-01 -3.5503583634106023e-01 2.8844750560220458e+00 -5.6509163988737643e-01 6.2889835254820081e-01 -5.3400215420123043e-01 1.8812821723254782e+01 0.0000000000000000e+00 0.0000000000000000e+00 0.0000000000000000e+00 1.0000000000000000e+00</transform>
      <orientation>1</orientation>
    </camera>
    <camera id="127" label="DSC_0724.JPG" sensor_id="9" enabled="true">
      <transform>3.6336319171268783e-02 8.4931263343629837e-01 5.2663813249192559e-01 -5.5937823812010601e+00 7.9167458176709360e-01 2.9713684454595135e-01 -5.3381743339569954e-01 3.8267813106504631e+00 -6.0986148303773113e-01 4.3632298392220226e-01 -6.6158236464422526e-01 1.8032461854228888e+01 0.0000000000000000e+00 0.0000000000000000e+00 0.0000000000000000e+00 1.0000000000000000e+00</transform>
      <orientation>1</orientation>
    </camera>
    <camera id="128" label="DSC_0725.JPG" sensor_id="9" enabled="true">
      <transform>3.1478340056252385e-02 8.5281632205955127e-01 5.2126138830352886e-01 -5.6620575431844715e+00 7.8667094064848553e-01 3.0057333420209498e-01 -5.3926292465351477e-01 3.8206728803533685e+00 -6.1656949749929213e-01 4.2703628838244517e-01 -6.6142426864911408e-01 1.8046273163869277e+01 0.0000000000000000e+00 0.0000000000000000e+00 0.0000000000000000e+00 1.0000000000000000e+00</transform>
      <orientation>1</orientation>
    </camera>
    <camera id="129" label="DSC_0726.JPG" sensor_id="9" enabled="true">
      <transform>-2.7989638206481482e-02 5.2951487715823919e-01 8.4783876711386874e-01 -6.9593769370666667e+00 7.8570687122718241e-01 5.3599988135492027e-01 -3.0881845750198095e-01 3.1186751723267023e+00 -6.1796544616949411e-01 6.5750902811718559e-01 -4.3104592015808729e-01 1.7494896288772740e+01 0.0000000000000000e+00 0.0000000000000000e+00 0.0000000000000000e+00 1.0000000000000000e+00</transform>
      <orientation>1</orientation>
    </camera>
    <camera id="130" label="DSC_0727.JPG" sensor_id="9" enabled="true">
      <transform>-5.8367781219522907e-02 5.0804139530098191e-01 8.5935274641798953e-01 -7.3125950934777606e+00 7.5311468405729975e-01 5.8746318273388809e-01 -2.9615077509512666e-01 2.3798924299788076e+00 -6.5529495250061531e-01 6.2990550846361248e-01 -4.1690235743446480e-01 1.7741236024977528e+01 0.0000000000000000e+00 0.0000000000000000e+00 0.0000000000000000e+00 1.0000000000000000e+00</transform>
      <orientation>1</orientation>
    </camera>
    <camera id="131" label="DSC_0728.JPG" sensor_id="9" enabled="true">
      <transform>-5.0608644579157158e-01 4.3631341612926555e-01 7.4398058596422034e-01 -7.2978553736010587e+00 6.5906589012002514e-01 7.5204998554155089e-01 7.2781678498842206e-03 -1.1180971534387556e+00 -5.5633502663984169e-01 4.9401560921954935e-01 -6.6816159421287014e-01 1.8858854642090950e+01 0.0000000000000000e+00 0.0000000000000000e+00 0.0000000000000000e+00 1.0000000000000000e+00</transform>
      <orientation>1</orientation>
    </camera>
    <camera id="132" label="DSC_0729.JPG" sensor_id="9" enabled="true">
      <transform>-2.2812372054003510e-01 6.0736887111122562e-01 7.6096164327254201e-01 -8.4974088798650165e+00 7.4114394479808399e-01 6.1517404120420871e-01 -2.6882438899329320e-01 2.2472939993952906e-01 -6.3139941496338647e-01 5.0265689434599237e-01 -5.9048355214208559e-01 1.8365200425198076e+01 0.0000000000000000e+00 0.0000000000000000e+00 0.0000000000000000e+00 1.0000000000000000e+00</transform>
      <orientation>1</orientation>
    </camera>
    <camera id="133" label="DSC_0730.JPG" sensor_id="9" enabled="true">
      <transform>6.5274441756172419e-02 6.3527722463707104e-01 7.6952069180161775e-01 -8.4700431989395764e+00 7.3834870608676995e-01 4.8800487629399131e-01 -4.6550234041654270e-01 1.5087762155747806e+00 -6.7125288489019752e-01 5.9856001250560198e-01 -4.3720187094279545e-01 1.7338011656337716e+01 0.0000000000000000e+00 0.0000000000000000e+00 0.0000000000000000e+00 1.0000000000000000e+00</transform>
      <orientation>1</orientation>
    </camera>
    <camera id="134" label="DSC_0731.JPG" sensor_id="9" enabled="true">
      <transform>3.9878538281425085e-01 6.0027137137713649e-01 6.9328529420340634e-01 -7.7898730629287378e+00 6.2976334713954152e-01 3.7028448316381785e-01 -6.8285249368198542e-01 2.7042002246327885e+00 -6.6660958967996631e-01 7.0891726049879511e-01 -2.3036486866184810e-01 1.5849056957088154e+01 0.0000000000000000e+00 0.0000000000000000e+00 0.0000000000000000e+00 1.0000000000000000e+00</transform>
      <orientation>1</orientation>
    </camera>
    <camera id="135" label="DSC_0732.JPG" sensor_id="9" enabled="true">
      <transform>3.0849034757389515e-01 6.1766223265987907e-01 7.2341348605023303e-01 -7.6117143582052682e+00 5.9777892791293596e-01 4.6568966054158056e-01 -6.5252853838581526e-01 1.2007237401479107e+00 -7.3992841464360470e-01 6.3374009373739382e-01 -2.2556470200969148e-01 1.6520197927285381e+01 0.0000000000000000e+00 0.0000000000000000e+00 0.0000000000000000e+00 1.0000000000000000e+00</transform>
      <orientation>1</orientation>
    </camera>
    <camera id="136" label="DSC_0733.JPG" sensor_id="9" enabled="true">
      <transform>4.9990109160101914e-01 1.8765439544284446e-01 8.4550856085972892e-01 -7.7732488430374627e+00 5.3668809857941024e-01 6.9909634876550952e-01 -4.7247241187814365e-01 7.9088568839732976e-01 -6.7975347256143281e-01 6.8996385630967183e-01 2.4876714720187607e-01 1.5098275635832479e+01 0.0000000000000000e+00 0.0000000000000000e+00 0.0000000000000000e+00 1.0000000000000000e+00</transform>
      <orientation>1</orientation>
    </camera>
    <camera id="137" label="DSC_0734.JPG" sensor_id="9" enabled="true">
      <transform>-7.8078962259843854e-01 3.1278938611363460e-01 5.4086076320735599e-01 -6.6725684099478606e+00 3.1663741135125878e-01 -5.4816741022145310e-01 7.7411448772379832e-01 -3.8919734892508875e+00 5.3861703925457249e-01 7.7567731068129142e-01 3.2896260383040066e-01 1.4461111366335953e+01 0.0000000000000000e+00 0.0000000000000000e+00 0.0000000000000000e+00 1.0000000000000000e+00</transform>
      <orientation>8</orientation>
    </camera>
    <camera id="138" label="DSC_0735.JPG" sensor_id="9" enabled="true">
      <transform>-5.8107792795645319e-01 4.3084100576953716e-01 6.9045236576416225e-01 -7.6449317844811953e+00 4.2811764309822026e-01 -5.5969403623236236e-01 7.0954765130606412e-01 -3.2298173835839172e+00 6.9214429515084486e-01 7.0789731850983917e-01 1.4077521492336387e-01 1.5803292480932258e+01 0.0000000000000000e+00 0.0000000000000000e+00 0.0000000000000000e+00 1.0000000000000000e+00</transform>
      <orientation>8</orientation>
    </camera>
    <camera id="139" label="DSC_0736.JPG" sensor_id="9" enabled="true">
      <transform>-9.7658803395044513e-02 5.7059320102560351e-01 8.1540551694405627e-01 -8.2522947781577649e+00 5.8909803594957444e-01 -6.2722361227917678e-01 5.0946446808370760e-01 -2.4053976111787212e+00 8.0213855546270951e-01 5.3010747885953868e-01 -2.7488142661406145e-01 1.7412902496727117e+01 0.0000000000000000e+00 0.0000000000000000e+00 0.0000000000000000e+00 1.0000000000000000e+00</transform>
      <orientation>1</orientation>
    </camera>
    <camera id="140" label="DSC_0737.JPG" sensor_id="9" enabled="true">
      <transform>3.3010202987569048e-01 5.5492515027616895e-01 7.6360377648550204e-01 -8.0824822169374162e+00 6.0889895903105407e-01 -7.4332542382644806e-01 2.7696456810236642e-01 -1.2966530956962992e+00 7.2130070536694191e-01 3.7353097847996869e-01 -5.8326657760662859e-01 1.9359924456010440e+01 0.0000000000000000e+00 0.0000000000000000e+00 0.0000000000000000e+00 1.0000000000000000e+00</transform>
      <orientation>1</orientation>
    </camera>
    <camera id="141" label="DSC_0738.JPG" sensor_id="9" enabled="true">
      <transform>-8.3215846924076420e-01 1.4332632769130463e-01 5.3569566533750568e-01 -6.8170161895917003e+00 3.0965633251537350e-01 -6.8127985492719412e-01 6.6330288330709819e-01 -2.4585849542600196e+00 4.6002743157772291e-01 7.1785466708861501e-01 5.2255089621499828e-01 1.3344678808825558e+01 0.0000000000000000e+00 0.0000000000000000e+00 0.0000000000000000e+00 1.0000000000000000e+00</transform>
      <orientation>8</orientation>
    </camera>
    <camera id="142" label="DSC_0739.JPG" sensor_id="9" enabled="true">
      <transform>-5.6146335534105152e-01 3.3826534835854927e-01 7.5520557115863318e-01 -7.9126373096485692e+00 4.5923118218933823e-01 -6.3182647669544556e-01 6.2442135185434078e-01 -1.9659451344532610e+00 6.8837898131345554e-01 6.9740365459788711e-01 1.9940541777835463e-01 1.5317880947303848e+01 0.0000000000000000e+00 0.0000000000000000e+00 0.0000000000000000e+00 1.0000000000000000e+00</transform>
      <orientation>8</orientation>
    </camera>
    <camera id="143" label="DSC_0740.JPG" sensor_id="9" enabled="true">
      <transform>1.0051877714047752e-01 4.4164623923016633e-01 8.9154056263079418e-01 -8.3096470505304456e+00 6.5985224624891892e-01 -7.0024673606581000e-01 2.7248765430645805e-01 -8.9429772959773024e-01 7.4464151681358626e-01 5.6089491707719230e-01 -3.6180920860935928e-01 1.7702770068346751e+01 0.0000000000000000e+00 0.0000000000000000e+00 0.0000000000000000e+00 1.0000000000000000e+00</transform>
      <orientation>1</orientation>
    </camera>
    <camera id="144" label="DSC_0741.JPG" sensor_id="9" enabled="true">
      <transform>5.7635406500071418e-01 4.1070297354868690e-01 7.0649774187566805e-01 -7.2824340696444940e+00 6.0695815332025704e-01 -7.9402462347515956e-01 -3.3566313964958183e-02 3.9869104872522942e-01 5.4719081852240070e-01 4.4816064623458118e-01 -7.0691883783881981e-01 1.9666078417210933e+01 0.0000000000000000e+00 0.0000000000000000e+00 0.0000000000000000e+00 1.0000000000000000e+00</transform>
      <orientation>1</orientation>
    </camera>
    <camera id="145" label="DSC_0742.JPG" sensor_id="9" enabled="true">
      <transform>-9.3089387449474537e-01 -9.7843747621216004e-02 3.5194203426075321e-01 -6.0978051511851596e+00 3.0755977963573028e-01 -7.2975981077834184e-01 6.1062066827383088e-01 -1.5075521286083537e+00 1.9708773776818891e-01 6.7666625423778481e-01 7.0942173916311779e-01 1.2163699602602657e+01 0.0000000000000000e+00 0.0000000000000000e+00 0.0000000000000000e+00 1.0000000000000000e+00</transform>
      <orientation>8</orientation>
    </camera>
    <camera id="146" label="DSC_0743.JPG" sensor_id="9" enabled="true">
      <transform>-8.0368354076339166e-01 6.3236237918130850e-02 5.9168737059360965e-01 -7.2635790439004220e+00 3.9246930371567890e-01 -6.9107507441746985e-01 6.0694570363403921e-01 -1.3660443064085313e+00 4.4728135658324536e-01 7.2001140250196760e-01 5.3058738047582932e-01 1.3782426650454756e+01 0.0000000000000000e+00 0.0000000000000000e+00 0.0000000000000000e+00 1.0000000000000000e+00</transform>
      <orientation>8</orientation>
    </camera>
    <camera id="147" label="DSC_0744.JPG" sensor_id="9" enabled="true">
      <transform>-2.8793660818960620e-01 3.4050431740444398e-01 8.9506944953629086e-01 -8.2206733866744202e+00 6.0683690984071825e-01 -6.5817272025458240e-01 4.4559806459145568e-01 -1.2857953434920417e+00 7.4083835923852714e-01 6.7146517418375229e-01 -1.7118567088105108e-02 1.6000033408574591e+01 0.0000000000000000e+00 0.0000000000000000e+00 0.0000000000000000e+00 1.0000000000000000e+00</transform>
      <orientation>8</orientation>
    </camera>
    <camera id="83" label="IMG_20160511_094732.jpg" sensor_id="10" enabled="true">
      <transform>-7.8540032377380161e-04 9.9395851443024197e-01 -1.0975360922520086e-01 1.3462543600246135e+00 -9.9476975396494305e-01 1.0433635603208993e-02 1.0160844376638432e-01 -4.9579546836543498e-01 1.0213970698439687e-01 1.0925937415034982e-01 9.8875167227035099e-01 4.8772364987353773e+00 0.0000000000000000e+00 0.0000000000000000e+00 0.0000000000000000e+00 1.0000000000000000e+00</transform>
      <orientation>1</orientation>
      <reference x="-0.127733333333333" y="51.519444444444403" z="0" enabled="true"/>
    </camera>
    <camera id="84" label="IMG_20160511_094735.jpg" sensor_id="10" enabled="true">
      <transform>1.6499060023080377e-02 9.9458809282692751e-01 -1.0257829509818125e-01 1.4820194121203718e+00 -9.7694014974170762e-01 3.7878017692252679e-02 2.1012662753291178e-01 -2.4413335398028275e+00 2.1287490420668295e-01 9.6745963133353319e-02 9.7227799202511789e-01 5.2392244938270967e+00 0.0000000000000000e+00 0.0000000000000000e+00 0.0000000000000000e+00 1.0000000000000000e+00</transform>
      <orientation>1</orientation>
      <reference x="-0.127733333333333" y="51.519444444444403" z="0" enabled="true"/>
    </camera>
    <camera id="85" label="IMG_20160511_094738.jpg" sensor_id="10" enabled="true">
      <transform>-4.1434452510248423e-02 9.7954835288313058e-01 -1.9689644615665775e-01 1.0488073564165936e+00 -9.2343644246483381e-01 3.7702729105751939e-02 3.8189480350728777e-01 -4.6737686940013772e+00 3.8150795912152030e-01 1.9764495587270614e-01 9.0298845427004681e-01 6.5112581427983391e+00 0.0000000000000000e+00 0.0000000000000000e+00 0.0000000000000000e+00 1.0000000000000000e+00</transform>
      <orientation>1</orientation>
      <reference x="-0.127733333333333" y="51.519444444444403" z="0" enabled="true"/>
    </camera>
    <camera id="86" label="IMG_20160511_094743.jpg" sensor_id="11" enabled="true">
      <transform>1.5821043684092532e-03 9.9400603699983381e-01 1.0931374732233945e-01 -3.6988765770265006e+00 -9.9141200269630114e-01 1.5853673070698310e-02 -1.2981102403061359e-01 1.3941400356092895e+00 -1.3076596596774173e-01 -1.0816958656689148e-01 9.8549459799963945e-01 9.0975490114134114e+00 0.0000000000000000e+00 0.0000000000000000e+00 0.0000000000000000e+00 1.0000000000000000e+00</transform>
      <orientation>1</orientation>
      <reference x="-0.127733333333333" y="51.519444444444403" z="0" enabled="true"/>
    </camera>
    <camera id="87" label="IMG_20160511_094745.jpg" sensor_id="11" enabled="true">
      <transform>-6.6847994295893165e-02 9.7299453470842701e-01 2.2093659969807564e-01 -5.0169479757112843e+00 -9.9526165500222441e-01 -4.9355050239797735e-02 -8.3775396734722493e-02 1.3291004894378966e+00 -7.0608666188006625e-02 -2.2548994310912962e-01 9.7168343703893179e-01 9.6004080491700456e+00 0.0000000000000000e+00 0.0000000000000000e+00 0.0000000000000000e+00 1.0000000000000000e+00</transform>
      <orientation>1</orientation>
      <reference x="-0.127733333333333" y="51.519444444444403" z="0" enabled="true"/>
    </camera>
    <camera id="88" label="IMG_20160511_094750.jpg" sensor_id="11" enabled="true">
      <transform>-3.8275168736201104e-01 5.4711600956614248e-01 7.4442274138956410e-01 -7.4709926351353113e+00 -9.1544398430598184e-01 -3.3306728044047784e-01 -2.2589488329303303e-01 1.6081032393964410e+00 1.2435215084397350e-01 -7.6793896813249729e-01 6.2833612326848809e-01 1.2192659451685831e+01 0.0000000000000000e+00 0.0000000000000000e+00 0.0000000000000000e+00 1.0000000000000000e+00</transform>
      <orientation>1</orientation>
      <reference x="-0.127733333333333" y="51.519444444444403" z="0" enabled="true"/>
    </camera>
    <camera id="89" label="IMG_20160511_094757.jpg" sensor_id="11" enabled="true">
      <transform>1.7364649971899648e-01 7.9945302996670853e-01 5.7508412081398086e-01 -7.0447524899311658e+00 7.2679400485938761e-01 2.9001789653230070e-01 -6.2262355736948471e-01 3.1070294735146544e+00 -6.6454297651528360e-01 5.2608409267723388e-01 -5.3067707675777609e-01 1.8172550716136737e+01 0.0000000000000000e+00 0.0000000000000000e+00 0.0000000000000000e+00 1.0000000000000000e+00</transform>
      <orientation>1</orientation>
      <reference x="-0.127733333333333" y="51.519444444444403" z="0" enabled="true"/>
    </camera>
    <camera id="90" label="IMG_20160511_094759.jpg" sensor_id="11" enabled="true">
      <transform>1.1262056168503054e-01 8.5616211924066743e-01 5.0428467621282824e-01 -5.4895524862805765e+00 7.3822564661741596e-01 2.6760608107416972e-01 -6.1920100133028078e-01 3.2041682720926969e+00 -6.6508608748194831e-01 4.4201064574221915e-01 -6.0190288692487637e-01 1.8690632269963920e+01 0.0000000000000000e+00 0.0000000000000000e+00 0.0000000000000000e+00 1.0000000000000000e+00</transform>
      <orientation>1</orientation>
      <reference x="-0.127733333333333" y="51.519444444444403" z="0" enabled="true"/>
    </camera>
    <camera id="91" label="IMG_20160511_094801.jpg" sensor_id="11" enabled="true">
      <transform>8.7247832443403506e-02 9.2473571488116313e-01 3.7047492945832661e-01 -4.2699812818432905e+00 6.8258863010421333e-01 2.1537514373431810e-01 -6.9834540845764537e-01 4.2909165369160611e+00 -7.2557603170610696e-01 3.1381109777164695e-01 -6.1242307037616772e-01 1.9644961245767835e+01 0.0000000000000000e+00 0.0000000000000000e+00 0.0000000000000000e+00 1.0000000000000000e+00</transform>
      <orientation>1</orientation>
      <reference x="-0.127733333333333" y="51.519444444444403" z="0" enabled="true"/>
    </camera>
    <camera id="92" label="IMG_20160511_094804.jpg" sensor_id="11" enabled="true">
      <transform>4.6243769440038496e-02 9.6144733757872203e-01 2.7107292533700872e-01 -3.2726375577904081e+00 6.7587308344775154e-01 1.6970493401984377e-01 -7.1721392236915560e-01 4.1473364629415199e+00 -7.3556582904509993e-01 2.1637756915195111e-01 -6.4196858078031160e-01 2.0152156760032437e+01 0.0000000000000000e+00 0.0000000000000000e+00 0.0000000000000000e+00 1.0000000000000000e+00</transform>
      <orientation>1</orientation>
      <reference x="-0.127733333333333" y="51.519444444444403" z="0" enabled="true"/>
    </camera>
    <camera id="93" label="IMG_20160511_094807.jpg" sensor_id="11" enabled="true">
      <transform>-3.6118983412399308e-01 7.2376063119514344e-01 5.8797317324644149e-01 -7.6320493617749596e+00 7.3828377054563687e-01 6.0713109517924146e-01 -2.9381781330506884e-01 2.8169331488546351e-01 -5.6963056262317946e-01 3.2796704407373356e-01 -7.5363030733054903e-01 2.0148620250427200e+01 0.0000000000000000e+00 0.0000000000000000e+00 0.0000000000000000e+00 1.0000000000000000e+00</transform>
      <orientation>1</orientation>
      <reference x="-0.127733333333333" y="51.519444444444403" z="0" enabled="true"/>
    </camera>
    <camera id="94" label="IMG_20160511_094811.jpg" sensor_id="11" enabled="true">
      <transform>-4.1077955167899677e-01 8.4896713326286399e-01 3.3243791384533289e-01 -6.4606563984438630e+00 6.9992749019161316e-01 5.2729854389312347e-01 -4.8172373211443614e-01 1.2223670174870640e+00 -5.8426164378339229e-01 3.4800175971198388e-02 -8.1081889430125020e-01 2.0974296596498910e+01 0.0000000000000000e+00 0.0000000000000000e+00 0.0000000000000000e+00 1.0000000000000000e+00</transform>
      <orientation>1</orientation>
      <reference x="-0.127733333333333" y="51.519444444444403" z="0" enabled="true"/>
    </camera>
    <camera id="97" label="IMG_20160511_094821.jpg" sensor_id="11" enabled="true">
      <transform>-1.2398374318545957e-01 8.7973999189100249e-01 4.5900498700269154e-01 -7.1056005470212664e+00 5.5949015196234275e-01 -3.2005411883309764e-01 7.6454962616897804e-01 -5.0605814890233916e+00 8.1951131858130966e-01 3.5160049443308272e-01 -4.5252435407559560e-01 1.8703502004137849e+01 0.0000000000000000e+00 0.0000000000000000e+00 0.0000000000000000e+00 1.0000000000000000e+00</transform>
      <orientation>1</orientation>
      <reference x="-0.12767500000000001" y="51.519422222222197" z="0" enabled="true"/>
    </camera>
    <camera id="98" label="IMG_20160511_094823.jpg" sensor_id="11" enabled="true">
      <transform>-1.4244803042106213e-01 9.2708931987122722e-01 3.4671883653742486e-01 -5.7449060134677445e+00 5.4585742255781822e-01 -2.1862820314281606e-01 8.0885189189930129e-01 -5.4045398607508508e+00 8.2568046656542371e-01 3.0447840936796972e-01 -4.7491542969359862e-01 1.9078353145111450e+01 0.0000000000000000e+00 0.0000000000000000e+00 0.0000000000000000e+00 1.0000000000000000e+00</transform>
      <orientation>1</orientation>
      <reference x="-0.12767500000000001" y="51.519422222222197" z="0" enabled="true"/>
    </camera>
    <camera id="99" label="IMG_20160511_094825.jpg" sensor_id="11" enabled="true">
      <transform>-1.3373897767947729e-01 9.7330869021694200e-01 1.8650490448625928e-01 -4.1071827462339794e+00 5.2526605891557876e-01 -8.9967410851970242e-02 8.4616867841813193e-01 -5.7910765688744466e+00 8.4036269146157583e-01 2.1113043014395910e-01 -4.9921387026672542e-01 1.9453940379175098e+01 0.0000000000000000e+00 0.0000000000000000e+00 0.0000000000000000e+00 1.0000000000000000e+00</transform>
      <orientation>1</orientation>
      <reference x="-0.12767500000000001" y="51.519422222222197" z="0" enabled="true"/>
    </camera>
    <camera id="100" label="IMG_20160511_094826.jpg" sensor_id="11" enabled="true">
      <transform>-1.4542295411665518e-01 9.7702781055496668e-01 1.5578453651808183e-01 -2.7671559940084482e+00 5.2310113366618982e-01 -5.7720798050219790e-02 8.5031377351516135e-01 -5.5760693492894529e+00 8.3977221219395703e-01 2.0514620853092591e-01 -5.0269042635826433e-01 1.9628362411327974e+01 0.0000000000000000e+00 0.0000000000000000e+00 0.0000000000000000e+00 1.0000000000000000e+00</transform>
      <orientation>1</orientation>
      <reference x="-0.12767500000000001" y="51.519422222222197" z="0" enabled="true"/>
    </camera>
    <camera id="101" label="IMG_20160511_094828.jpg" sensor_id="11" enabled="true">
      <transform>-1.4197076008376452e-01 9.7800703243724119e-01 1.5279577148775947e-01 -1.6381508229913646e+00 5.0327585960323606e-01 -6.1603208615439886e-02 8.6192717431863497e-01 -5.2574983671107844e+00 8.5238354771890235e-01 1.9926687931410986e-01 -4.8346147559712938e-01 1.9634921398558046e+01 0.0000000000000000e+00 0.0000000000000000e+00 0.0000000000000000e+00 1.0000000000000000e+00</transform>
      <orientation>1</orientation>
      <reference x="-0.12767500000000001" y="51.519422222222197" z="0" enabled="true"/>
    </camera>
    <camera id="102" label="IMG_20160511_094830.jpg" sensor_id="11" enabled="true">
      <transform>-1.5473258715419624e-01 9.7683009198545212e-01 1.4785397480034951e-01 -2.9671131582629284e-01 4.9612287777619868e-01 -5.2590998304419379e-02 8.6665810850900582e-01 -5.1109375647546749e+00 8.5435350799281684e-01 2.0745399077635962e-01 -4.7649021510554657e-01 1.9716504180444893e+01 0.0000000000000000e+00 0.0000000000000000e+00 0.0000000000000000e+00 1.0000000000000000e+00</transform>
      <orientation>1</orientation>
      <reference x="-0.12767500000000001" y="51.519422222222197" z="0" enabled="true"/>
    </camera>
    <camera id="103" label="IMG_20160511_094833.jpg" sensor_id="11" enabled="true">
      <transform>-1.5100669110907050e-01 9.7326688767355696e-01 1.7305647805996088e-01 4.7603996322856013e-01 5.0996472329812070e-01 -7.3272038565611930e-02 8.5706895250960469e-01 -5.0873524835883215e+00 8.4683703286509693e-01 2.1767584551958780e-01 -4.8526721097305914e-01 1.9858879483934754e+01 0.0000000000000000e+00 0.0000000000000000e+00 0.0000000000000000e+00 1.0000000000000000e+00</transform>
      <orientation>1</orientation>
      <reference x="-0.12767500000000001" y="51.519422222222197" z="0" enabled="true"/>
    </camera>
    <camera id="104" label="IMG_20160511_094835.jpg" sensor_id="11" enabled="true">
      <transform>-1.5064782685825995e-01 9.6957541138871006e-01 1.9294754181719298e-01 4.5584277267326284e-01 5.0706062723552692e-01 -9.1762568606235440e-02 8.5701175680984698e-01 -5.1369274958009399e+00 8.4864288871727311e-01 2.2694306033276207e-01 -4.7780968470344182e-01 1.9869269096265224e+01 0.0000000000000000e+00 0.0000000000000000e+00 0.0000000000000000e+00 1.0000000000000000e+00</transform>
      <orientation>1</orientation>
      <reference x="-0.127694444444444" y="51.519411111111097" z="0" enabled="true"/>
    </camera>
    <camera id="105" label="IMG_20160511_094839.jpg" sensor_id="11" enabled="true">
      <transform>-1.3339031296942228e-01 9.5521918913492865e-01 2.6412747890806193e-01 1.5195192232982253e+00 4.9811911204546111e-01 -1.6578197202174905e-01 8.5111320514231315e-01 -5.5187855852451175e+00 8.5678723999658213e-01 2.4509720206683139e-01 -4.5369922516800704e-01 2.0432616128963414e+01 0.0000000000000000e+00 0.0000000000000000e+00 0.0000000000000000e+00 1.0000000000000000e+00</transform>
      <orientation>1</orientation>
      <reference x="-0.127694444444444" y="51.519411111111097" z="0" enabled="true"/>
    </camera>
    <camera id="106" label="IMG_20160511_094842.jpg" sensor_id="10" enabled="true">
      <transform>7.1672070758732609e-02 9.7905522159876324e-01 -1.9056229252753998e-01 -6.4566757135689068e-01 9.9301748399051781e-01 -5.2093159669255540e-02 1.0584223733847933e-01 -1.8005982331815024e-01 9.3698403200357272e-02 -1.9681762059294891e-01 -9.7595257746564379e-01 2.1855960799103119e+01 0.0000000000000000e+00 0.0000000000000000e+00 0.0000000000000000e+00 1.0000000000000000e+00</transform>
      <orientation>1</orientation>
      <reference x="-0.127694444444444" y="51.519411111111097" z="0" enabled="true"/>
    </camera>
    <camera id="107" label="IMG_20160511_094846.jpg" sensor_id="10" enabled="true">
      <transform>1.6951414204994020e-01 9.1860124048691683e-01 -3.5698279597337829e-01 2.0321272617318303e-01 8.8100535367878496e-01 -3.0358768418593773e-01 -3.6285545992852092e-01 2.6943456539723751e+00 -4.4169505593156905e-01 -2.5299462244584797e-01 -8.6075501658665399e-01 2.1878314335179827e+01 0.0000000000000000e+00 0.0000000000000000e+00 0.0000000000000000e+00 1.0000000000000000e+00</transform>
      <orientation>1</orientation>
      <reference x="-0.127694444444444" y="51.519411111111097" z="0" enabled="true"/>
    </camera>
    <camera id="108" label="IMG_20160511_094848.jpg" sensor_id="10" enabled="true">
      <transform>1.3535421844627216e-01 9.3528044757124762e-01 -3.2700110082341532e-01 3.9346063486720717e-01 8.7966957422041603e-01 -2.6530714703040637e-01 -3.9470692662462648e-01 3.8760603881306146e+00 -4.5591740012821486e-01 -2.3422767156233470e-01 -8.5864819462619046e-01 2.1263165826879700e+01 0.0000000000000000e+00 0.0000000000000000e+00 0.0000000000000000e+00 1.0000000000000000e+00</transform>
      <orientation>1</orientation>
      <reference x="-0.127694444444444" y="51.519411111111097" z="0" enabled="true"/>
    </camera>
    <camera id="110" label="IMG_20160511_094900.jpg" sensor_id="10" enabled="true">
      <transform>-1.4102955279962326e-01 9.5041391734759295e-01 -2.7717151900788978e-01 8.2152770095509520e-01 -4.3799709527644892e-03 2.7936797878621977e-01 9.6017412393969193e-01 -5.4781400761513330e+00 9.8999569751165639e-01 1.3662693051117286e-01 -3.5236355763669680e-02 1.5730459614628128e+01 0.0000000000000000e+00 0.0000000000000000e+00 0.0000000000000000e+00 1.0000000000000000e+00</transform>
      <orientation>1</orientation>
      <reference x="-0.12767222222222199" y="51.519411111111097" z="0" enabled="true"/>
    </camera>
    <camera id="111" label="IMG_20160511_094902.jpg" sensor_id="10" enabled="true">
      <transform>-1.0812929964502355e-01 9.4313949331336766e-01 -3.1431823159161620e-01 1.5340095403908349e+00 1.0526563529850208e-02 3.1724048344442929e-01 9.4828670091075140e-01 -6.0768720180542450e+00 9.9408110635829350e-01 9.9228885998730199e-02 -4.4231009087768669e-02 1.6442002489513996e+01 0.0000000000000000e+00 0.0000000000000000e+00 0.0000000000000000e+00 1.0000000000000000e+00</transform>
      <orientation>1</orientation>
      <reference x="-0.12767222222222199" y="51.519411111111097" z="0" enabled="true"/>
    </camera>
  </cameras>
  <frames next_id="1">
    <frame id="0" path="0/frame.zip"/>
  </frames>
  <transform>
    <rotation>9.8392687141428514e-01 -1.0170711053555405e-01 1.4677729856965327e-01 -1.4348425049498301e-01 -9.3959033502247113e-01 3.1077688490660615e-01 1.0630231215166204e-01 -3.2684195874897887e-01 -9.3908154727496418e-01</rotation>
    <translation>3.9769466228111223e+06 -8.8655831723418050e+03 4.9697110176604688e+06</translation>
    <scale>2.0287583768917949e-01</scale>
  </transform>
  <reference>GEOGCS["WGS 84",DATUM["World Geodetic System 1984",SPHEROID["WGS 84",6378137,298.257223563,AUTHORITY["EPSG","7030"]],TOWGS84[0,0,0,0,0,0,0],AUTHORITY["EPSG","6326"]],PRIMEM["Greenwich",0,AUTHORITY["EPSG","8901"]],UNIT["degree",0.01745329251994328,AUTHORITY["EPSG","9102"]],AUTHORITY["EPSG","4326"]]</reference>
  <region>
    <center>1.0248032327761505e+00 6.4301478713200277e-01 1.5443029503377538e+01</center>
    <size>1.1040483484948908e+01 1.1874464433995907e+01 1.5913916043923034e+01</size>
    <R>-1.4027530112968978e-02 -9.5982948711345739e-01 2.8023308881437820e-01 -1.6484095820486022e-01 2.7864584465136355e-01 9.4614161295053067e-01 -9.8622040482695028e-01 -3.2921860914073071e-02 -1.6212792534576256e-01</R>
  </region>
  <settings>
    <property name="accuracy_tiepoints" value="1"/>
    <property name="accuracy_cameras" value="10"/>
    <property name="accuracy_cameras_ypr" value="2"/>
    <property name="accuracy_markers" value="0.0050000000000000001"/>
    <property name="accuracy_scalebars" value="0.001"/>
    <property name="accuracy_projections" value="0.10000000000000001"/>
  </settings>
  <meta>
    <property name="align/duration" value="161.963453"/>
  </meta>
</chunk>
