<?xml version="1.0" encoding="UTF-8"?>
<thumbnails version="1.2.0">
  <thumbnail camera_id="46" path="c46.jpg"/>
  <thumbnail camera_id="47" path="c47.jpg"/>
  <thumbnail camera_id="48" path="c48.jpg"/>
  <thumbnail camera_id="49" path="c49.jpg"/>
  <thumbnail camera_id="50" path="c50.jpg"/>
  <thumbnail camera_id="51" path="c51.jpg"/>
  <thumbnail camera_id="52" path="c52.jpg"/>
  <thumbnail camera_id="53" path="c53.jpg"/>
  <thumbnail camera_id="54" path="c54.jpg"/>
  <thumbnail camera_id="55" path="c55.jpg"/>
  <thumbnail camera_id="56" path="c56.jpg"/>
  <thumbnail camera_id="57" path="c57.jpg"/>
  <thumbnail camera_id="58" path="c58.jpg"/>
  <thumbnail camera_id="59" path="c59.jpg"/>
  <thumbnail camera_id="60" path="c60.jpg"/>
  <thumbnail camera_id="61" path="c61.jpg"/>
  <thumbnail camera_id="62" path="c62.jpg"/>
  <thumbnail camera_id="63" path="c63.jpg"/>
  <thumbnail camera_id="64" path="c64.jpg"/>
  <thumbnail camera_id="65" path="c65.jpg"/>
  <thumbnail camera_id="66" path="c66.jpg"/>
  <thumbnail camera_id="67" path="c67.jpg"/>
  <thumbnail camera_id="69" path="c69.jpg"/>
  <thumbnail camera_id="70" path="c70.jpg"/>
  <thumbnail camera_id="71" path="c71.jpg"/>
  <thumbnail camera_id="72" path="c72.jpg"/>
  <thumbnail camera_id="73" path="c73.jpg"/>
  <thumbnail camera_id="74" path="c74.jpg"/>
  <thumbnail camera_id="75" path="c75.jpg"/>
  <thumbnail camera_id="76" path="c76.jpg"/>
  <thumbnail camera_id="77" path="c77.jpg"/>
  <thumbnail camera_id="78" path="c78.jpg"/>
  <thumbnail camera_id="79" path="c79.jpg"/>
  <thumbnail camera_id="80" path="c80.jpg"/>
  <thumbnail camera_id="81" path="c81.jpg"/>
  <thumbnail camera_id="82" path="c82.jpg"/>
  <thumbnail camera_id="83" path="c83.jpg"/>
  <thumbnail camera_id="84" path="c84.jpg"/>
  <thumbnail camera_id="85" path="c85.jpg"/>
  <thumbnail camera_id="86" path="c86.jpg"/>
  <thumbnail camera_id="87" path="c87.jpg"/>
  <thumbnail camera_id="88" path="c88.jpg"/>
  <thumbnail camera_id="89" path="c89.jpg"/>
  <thumbnail camera_id="90" path="c90.jpg"/>
  <thumbnail camera_id="91" path="c91.jpg"/>
  <thumbnail camera_id="92" path="c92.jpg"/>
  <thumbnail camera_id="93" path="c93.jpg"/>
  <thumbnail camera_id="94" path="c94.jpg"/>
  <thumbnail camera_id="97" path="c97.jpg"/>
  <thumbnail camera_id="98" path="c98.jpg"/>
  <thumbnail camera_id="99" path="c99.jpg"/>
  <thumbnail camera_id="100" path="c100.jpg"/>
  <thumbnail camera_id="101" path="c101.jpg"/>
  <thumbnail camera_id="102" path="c102.jpg"/>
  <thumbnail camera_id="103" path="c103.jpg"/>
  <thumbnail camera_id="104" path="c104.jpg"/>
  <thumbnail camera_id="105" path="c105.jpg"/>
  <thumbnail camera_id="106" path="c106.jpg"/>
  <thumbnail camera_id="107" path="c107.jpg"/>
  <thumbnail camera_id="108" path="c108.jpg"/>
  <thumbnail camera_id="110" path="c110.jpg"/>
  <thumbnail camera_id="111" path="c111.jpg"/>
  <thumbnail camera_id="112" path="c112.jpg"/>
  <thumbnail camera_id="113" path="c113.jpg"/>
  <thumbnail camera_id="114" path="c114.jpg"/>
  <thumbnail camera_id="115" path="c115.jpg"/>
  <thumbnail camera_id="116" path="c116.jpg"/>
  <thumbnail camera_id="117" path="c117.jpg"/>
  <thumbnail camera_id="118" path="c118.jpg"/>
  <thumbnail camera_id="119" path="c119.jpg"/>
  <thumbnail camera_id="120" path="c120.jpg"/>
  <thumbnail camera_id="121" path="c121.jpg"/>
  <thumbnail camera_id="122" path="c122.jpg"/>
  <thumbnail camera_id="123" path="c123.jpg"/>
  <thumbnail camera_id="124" path="c124.jpg"/>
  <thumbnail camera_id="125" path="c125.jpg"/>
  <thumbnail camera_id="126" path="c126.jpg"/>
  <thumbnail camera_id="127" path="c127.jpg"/>
  <thumbnail camera_id="128" path="c128.jpg"/>
  <thumbnail camera_id="129" path="c129.jpg"/>
  <thumbnail camera_id="130" path="c130.jpg"/>
  <thumbnail camera_id="131" path="c131.jpg"/>
  <thumbnail camera_id="132" path="c132.jpg"/>
  <thumbnail camera_id="133" path="c133.jpg"/>
  <thumbnail camera_id="134" path="c134.jpg"/>
  <thumbnail camera_id="135" path="c135.jpg"/>
  <thumbnail camera_id="136" path="c136.jpg"/>
  <thumbnail camera_id="137" path="c137.jpg"/>
  <thumbnail camera_id="138" path="c138.jpg"/>
  <thumbnail camera_id="139" path="c139.jpg"/>
  <thumbnail camera_id="140" path="c140.jpg"/>
  <thumbnail camera_id="141" path="c141.jpg"/>
  <thumbnail camera_id="142" path="c142.jpg"/>
  <thumbnail camera_id="143" path="c143.jpg"/>
  <thumbnail camera_id="144" path="c144.jpg"/>
  <thumbnail camera_id="145" path="c145.jpg"/>
  <thumbnail camera_id="146" path="c146.jpg"/>
  <thumbnail camera_id="147" path="c147.jpg"/>
</thumbnails>
